version,version_season,season,episode,order,n_boots,final_n,sog_id,castaway_id,castaway,tribe,tribe_status,game_status
US,US51,51,2,0,1,21,1,US0757,Brady,Toka,Original,In the game
US,US51,51,2,0,1,21,1,US0760,Danny,Toka,Original,In the game
US,US51,51,2,0,1,21,1,US0761,Devin,Toka,Original,In the game
US,US51,51,2,0,1,21,1,US0756,Jelly,Toka,Original,In the game
US,US51,51,2,0,1,21,1,US0763,Jenna,Toka,Original,In the game
US,US51,51,2,0,1,21,1,US0767,Maggie,Toka,Original,In the game
US,US51,51,2,0,1,21,1,US0768,Mike,Toka,Original,In the game
US,US51,51,2,0,1,21,1,US0770,Patt,Toka,Original,In the game
US,US51,51,2,0,1,21,1,US0754,Thien An,Toka,Original,In the game
US,US51,51,2,0,1,21,1,US0765,Lewis,Toka,Original,In the game
US,US51,51,2,0,1,21,1,US0753,Alexis,Savu,Original,In the game
US,US51,51,2,0,1,21,1,US0755,Ana,Savu,Original,In the game
US,US51,51,2,0,1,21,1,US0758,Carter,Savu,Original,In the game
US,US51,51,2,0,1,21,1,US0759,Cristian,Savu,Original,In the game
US,US51,51,2,0,1,21,1,US0762,Eric,Savu,Original,In the game
US,US51,51,2,0,1,21,1,US0764,Kristin,Savu,Original,In the game
US,US51,51,2,0,1,21,1,US0766,Linnea,Savu,Original,In the game
US,US51,51,2,0,1,21,1,US0769,Ori,Savu,Original,In the game
US,US51,51,2,0,1,21,1,US0771,Rob,Savu,Original,In the game
US,US51,51,2,0,1,21,1,US0772,Sharonda,Savu,Original,In the game
