version,version_season,season,episode,castaway,castaway_id,confessional_count,confessional_time,exp_count,exp_time,index_count,index_time
US,US51,51,2,Brady,US0757,4,,,,,
US,US51,51,2,Devin,US0761,1,,,,,
US,US51,51,2,Jelly,US0756,4,,,,,
US,US51,51,2,Jenna,US0763,2,,,,,
US,US51,51,2,Danny,US0760,3,,,,,
US,US51,51,2,Lewis,US0765,2,,,,,
US,US51,51,2,Maggie,US0767,2,,,,,
US,US51,51,2,Mike,US0768,1,,,,,
US,US51,51,2,Patt,US0770,3,,,,,
US,US51,51,2,Thien An,US0754,0,,,,,
US,US51,51,2,Alexis,US0753,3,,,,,
US,US51,51,2,Carter,US0758,0,,,,,
US,US51,51,2,Cristian,US0759,0,,,,,
US,US51,51,2,Eric,US0762,2,,,,,
US,US51,51,2,Kristin,US0764,2,,,,,
US,US51,51,2,Linnea,US0766,5,,,,,
US,US51,51,2,Ori,US0769,3,,,,,
US,US51,51,2,Rob,US0771,5,,,,,
US,US51,51,2,Sharonda,US0772,5,,,,,
US,US51,51,2,Ana,US0755,3,,,,,
