version,version_season,season,episode,day,tribe_status,tribe,castaway,vote_event,vote_event_outcome,nullified,tie,voted_out,order,vote_order,castaway_id,voted_out_id,sog_id,challenge_id,vote,vote_id,immunity,split_vote
US,US51,51,2,6,Original,Savu,Sharonda,,,False,False,Ana,2,1,US0772,US0755,1,2,Ana,US0755,,
US,US51,51,2,6,Original,Savu,Linnea,,,False,False,Ana,2,2,US0766,US0755,1,2,Ana,US0755,,
US,US51,51,2,6,Original,Savu,Alexis,,,False,False,Ana,2,3,US0753,US0755,1,2,Ana,US0755,,
US,US51,51,2,6,Original,Savu,Cristian,,,False,False,Ana,2,4,US0759,US0755,1,2,Ana,US0755,,
US,US51,51,2,6,Original,Savu,Eric,,,False,False,Ana,2,5,US0762,US0755,1,2,Ana,US0755,,
US,US51,51,2,6,Original,Savu,Kristin,,,False,False,Ana,2,6,US0764,US0755,1,2,Ana,US0755,,
US,US51,51,2,6,Original,Savu,Rob,,,False,False,Ana,2,7,US0771,US0755,1,2,Eric,US0762,,
US,US51,51,2,6,Original,Savu,Ori,,,False,False,Ana,2,8,US0769,US0755,1,2,Eric,US0762,,
US,US51,51,2,6,Original,Savu,Ana,,,False,False,Ana,2,9,US0755,US0755,1,2,Eric,US0762,,
US,US51,51,2,6,Original,Savu,Carter,,,False,False,Ana,2,10,US0758,US0755,1,2,Eric,US0762,,
