logged_on,episode,rank,castaway,win_prob,alive,model_sha256
2026-10-03,1,1,Lewis,0.0783,21,9fd9a1daf5ff
2026-10-03,1,2,Kristin,0.0756,21,9fd9a1daf5ff
2026-10-03,1,3,Jelly,0.0645,21,9fd9a1daf5ff
2026-10-03,1,4,Ana,0.0612,21,9fd9a1daf5ff
2026-10-03,1,5,Patt,0.0583,21,9fd9a1daf5ff
2026-10-03,1,6,Thien An,0.0582,21,9fd9a1daf5ff
2026-10-03,1,7,Kilby,0.0557,21,9fd9a1daf5ff
2026-10-03,1,8,Brady,0.0555,21,9fd9a1daf5ff
2026-10-03,1,9,Sharonda,0.0536,21,9fd9a1daf5ff
2026-10-03,1,10,Linnea,0.0536,21,9fd9a1daf5ff
2026-10-03,1,11,Alexis,0.0535,21,9fd9a1daf5ff
2026-10-03,1,12,Eric,0.0509,21,9fd9a1daf5ff
2026-10-03,1,13,Maggie,0.0502,21,9fd9a1daf5ff
2026-10-03,1,14,Jenna,0.0442,21,9fd9a1daf5ff
2026-10-03,1,15,Rob,0.0353,21,9fd9a1daf5ff
2026-10-03,1,16,Carter,0.0315,21,9fd9a1daf5ff
2026-10-03,1,17,Ori,0.0314,21,9fd9a1daf5ff
2026-10-03,1,18,Aaliyah,0.0308,21,9fd9a1daf5ff
2026-10-03,1,19,Mike,0.0293,21,9fd9a1daf5ff
2026-10-03,1,20,Cristian,0.0226,21,9fd9a1daf5ff
2026-10-03,1,21,Devin,0.0059,21,9fd9a1daf5ff
2026-10-03,2,1,Kristin,0.0878,20,9fd9a1daf5ff
2026-10-03,2,2,Lewis,0.0821,20,9fd9a1daf5ff
2026-10-03,2,3,Patt,0.0772,20,9fd9a1daf5ff
2026-10-03,2,4,Brady,0.0768,20,9fd9a1daf5ff
2026-10-03,2,5,Kilby,0.071,20,9fd9a1daf5ff
2026-10-03,2,6,Jelly,0.0705,20,9fd9a1daf5ff
2026-10-03,2,7,Sharonda,0.0691,20,9fd9a1daf5ff
2026-10-03,2,8,Linnea,0.0691,20,9fd9a1daf5ff
2026-10-03,2,9,Alexis,0.0658,20,9fd9a1daf5ff
2026-10-03,2,10,Maggie,0.0646,20,9fd9a1daf5ff
2026-10-03,2,11,Jenna,0.0542,20,9fd9a1daf5ff
2026-10-03,2,12,Rob,0.0489,20,9fd9a1daf5ff
2026-10-03,2,13,Eric,0.0409,20,9fd9a1daf5ff
2026-10-03,2,14,Ana,0.0362,20,9fd9a1daf5ff
2026-10-03,2,15,Ori,0.0357,20,9fd9a1daf5ff
2026-10-03,2,16,Mike,0.033,20,9fd9a1daf5ff
2026-10-03,2,17,Thien An,0.0063,20,9fd9a1daf5ff
2026-10-03,2,18,Devin,0.0054,20,9fd9a1daf5ff
2026-10-03,2,19,Carter,0.0028,20,9fd9a1daf5ff
2026-10-03,2,20,Cristian,0.0026,20,9fd9a1daf5ff
